file,width,height,size_kb,alt_zh_HK,alt_en,used_in,note
space8-infinity-room-chinese-eight-ball-table-san-po-kong.webp,2400,1500,154,Space Infinity 無限空間球室全景：新蒲崗自助中式桌球獨立球室，設星牌桌球枱及特調燈光,"Space Infinity private Chinese eight-ball room in San Po Kong, Hong Kong, with a Xing Pai table and custom lighting",場地頁・場地裝修（Room 1）,相內有 SPACE INFINITY 標題字（已燒入圖片）
space8-eternity-room-chinese-eight-ball-table-san-po-kong.webp,2400,1500,142,Space Eternity 永恆空間球室全景：設星牌桌球枱及球桿架的中式桌球獨立球室,"Space Eternity private Chinese eight-ball room with a Xing Pai table and cue rack, Hong Kong",場地頁・場地裝修（Room 2）,相內有 SPACE ETERNITY 標題字（已燒入圖片）
space8-infinity-room-lounge-sofa-armchair-side-table.webp,2048,1365,106,Space Infinity 球室休息區，設有沙發、扶手椅及邊桌,"Lounge area in Space Infinity with a sofa, an armchair and a side table",場地頁・舒適自在（Room 1）,
space8-eternity-room-lounge-black-sofa.webp,1600,1124,39,Space Eternity 球室休息區的黑色沙發,Black sofa in the lounge area of Space Eternity,場地頁・舒適自在（Room 2・沙發）,原圖已不在上傳資料夾，由 1600px 版本轉出；有原圖可再補
space8-eternity-room-bar-counter-black-stools.webp,2048,1365,145,Space Eternity 球室吧台及兩張黑色吧台凳,Bar counter with two black bar stools in Space Eternity,場地頁・舒適自在（Room 2・吧台）,
xing-pai-chinese-eight-ball-table-corner-pocket-hong-kong.webp,2048,1365,56,星牌 XING PAI 桌球枱球袋近照，枱面放有比賽用球,Close-up of a Xing Pai table corner pocket with match balls on the cloth,場地頁・專業設備（桌球枱）,
super-aramith-pro-tv-pro-cup-billiard-balls-space8.webp,2400,1694,188,Super Aramith Pro TV Pro-Cup 比賽球及球盒，放在綠色枱布上,Super Aramith Pro TV Pro-Cup billiard balls and box on green cloth,場地頁・專業設備（比賽球）,
triangle-chalk-billiard-cue-chalk-space8.webp,2400,1600,80,兩塊 Triangle 巧粉放在托盤上,Two Triangle chalk cubes on a tray,場地頁・專業設備（巧粉）,
space8-cue-rack-professional-cues-close-up.webp,2400,1913,66,SPACE8 專屬球桿架及專業球桿近照,Close-up of the SPACE8 cue rack holding professional cues,場地頁・專業設備（球桿）,
clean-no-title/space8-infinity-room-chinese-eight-ball-table-san-po-kong-clean.webp,2400,1600,179,Space Infinity 無限空間球室全景：新蒲崗自助中式桌球獨立球室，設星牌桌球枱及特調燈光,"Space Infinity private Chinese eight-ball room in San Po Kong, Hong Kong, with a Xing Pai table and custom lighting",（備用）模板版本使用，相內冇標題字,
clean-no-title/space8-eternity-room-chinese-eight-ball-table-san-po-kong-clean.webp,2400,1600,162,Space Eternity 永恆空間球室全景：設星牌桌球枱及球桿架的中式桌球獨立球室,"Space Eternity private Chinese eight-ball room with a Xing Pai table and cue rack, Hong Kong",（備用）模板版本使用，相內冇標題字,
